id,value
0,18.165707
1,15.426635
2,21.18027
3,26.054718
4,21.963495
5,20.883963
6,13.876851
7,12.868963
8,10.994108
9,9.190181
10,7.905891
11,3.6809332
12,4.709126
13,1.9783592
14,2.2030864
15,5.713343
16,7.4894214
17,4.3924847
18,7.9010234
19,7.7609024
20,8.038079
21,5.2979426
22,3.620917
23,8.814195
24,8.424201
25,11.611352
26,14.847521
27,16.55284
28,13.959199
29,11.532292
30,10.825582
31,9.685759
32,9.811742
33,9.702953
34,6.7487574
35,9.479459
36,6.771836
37,5.4054933
38,6.6786437
39,9.543904
40,8.641465
41,8.7807865
42,8.618928
43,7.0218015
44,5.8975463
45,4.319148
46,4.488626
47,4.768227
48,8.575501
49,12.556697
50,9.09242
51,9.0008
52,7.1043177
53,7.813375
54,5.5479836
55,6.5625844
56,6.335509
57,10.560691
58,8.137462
59,10.171269
60,10.317769
61,10.144664
62,6.695823
63,3.2556927
64,4.099227
65,2.6842368
66,6.1034493
67,4.03113
68,3.2684765
69,2.7518537
70,2.7935176
71,2.441426
72,2.3171663
73,3.1451962
74,13.30584
75,12.971069
76,11.648102
77,13.140954
78,13.548469
79,8.5277815
80,7.2053075
81,5.271815
82,7.3462567
83,8.312333
84,12.806075
85,15.166766
86,15.558345
87,15.630466
88,14.236787
89,12.740211
90,12.017364
91,11.238223
92,10.547774
93,10.127828
94,7.934962
95,6.720013
96,6.993201
97,6.106318
98,6.858437
99,18.318075
100,20.003267
101,19.099707
102,22.337439
103,19.286533
104,17.25611
105,15.191047
106,14.027837
107,11.280467
108,9.307806
109,2.5085058
110,19.007711
111,13.597934
112,12.420039
113,12.215341
114,11.84058
115,7.357844
116,10.139918
117,11.865346
118,9.160308
119,6.0446763
120,24.874702
121,13.66076
122,19.484852
123,22.01696
124,21.236929
125,21.5582
126,22.766401
127,16.972967
128,13.244188
129,9.931079
130,8.613699
131,8.275806
132,11.267194
133,6.6799393
134,7.0026193
135,5.5338387
136,4.65426
137,5.378399
138,4.028471
139,4.320267
140,3.6269286
141,3.031307
142,12.715602
143,13.102414
144,13.104943
145,15.341668
146,16.42705
147,16.26808
148,15.114594
149,14.973943
150,12.508132
151,9.805815
152,6.994025
153,6.5555673
154,3.879173
155,3.0232
156,6.7281036
157,6.054999
158,4.127249
159,6.4213586
160,8.544816
161,4.8066106
162,2.8089936
163,15.643821
164,15.444743
165,14.388631
166,11.412583
167,12.077102
168,10.896096
169,8.021914
170,13.065482
171,11.267611
172,5.3244104
173,6.4422607
174,3.4971821
175,2.8356373
176,3.2405694
177,7.706207
178,9.917926
179,8.404954
180,9.167955
181,6.371345
182,5.015043
183,6.4253983
184,5.3173466
185,10.6268635
186,9.146736
187,8.627976
188,6.5576015
189,5.9337
190,8.413932
191,5.0067883
192,10.131438
193,9.98898
194,9.654704
195,8.459277
196,7.465732
197,5.953909
198,16.922232
199,16.66352
200,11.219942
201,13.318348
202,15.730258
203,13.119193
204,10.0184145
205,5.6934524
206,4.780325
207,2.6832917
208,15.29399
209,16.270214
210,17.226574
211,8.70229
212,5.2860904
213,10.456243
214,8.102309
215,16.951183
216,13.775022
217,9.394089
218,9.936313
219,7.0215335
220,5.646914
221,8.084643
222,11.58053
223,10.550149
224,10.848226
225,12.490164
226,13.355868
227,8.640895
228,8.131687
229,10.91451
230,13.298366
231,15.219994
232,15.129874
233,14.451527
234,13.607429
235,12.340507
236,6.4804087
237,8.792939
238,5.7880793
239,8.432448
240,9.663767
241,9.754219
242,6.869925
243,7.077798
244,5.9996986
245,5.394276
246,4.5108953
247,3.0829778
248,3.4872591
249,5.049832
250,5.5992417
251,5.7480617
252,18.943005
253,17.961794
254,16.488575
255,12.798466
256,15.040067
257,14.364967
258,13.523721
259,16.02648
260,13.740164
261,12.503484
262,10.97628
263,7.547725
264,2.983206
265,3.114116
266,2.6695337
267,2.1677961
268,2.9053705
269,3.2050037
270,3.4322193
271,19.841072
272,19.061132
273,22.323835
274,14.178351
275,15.378992
276,15.847239
277,17.556267
278,18.642122
279,14.71112
280,15.313722
281,3.864042
282,3.862663
283,7.5447097
284,6.336028
285,4.8804893
286,4.5370035
287,2.7812784
288,2.6453679
289,18.417543
290,16.383516
291,20.179377
292,24.967646
293,16.157047
294,22.25691
295,21.893423
296,20.937414
297,20.036697
298,18.683584
299,17.393282
300,16.51914
301,14.038976
302,15.388236
303,14.47943
304,3.2019231
305,2.7457561
306,2.708513
307,12.599866
308,10.44779
309,12.1197405
310,11.276539
311,8.468739
312,5.0816855
313,2.3441796
314,1.7831706
315,7.839714
316,7.8087697
317,7.4458694
318,8.633295
319,10.784535
320,10.99087
321,8.931289
322,8.517562
323,6.159902
324,3.32248
325,3.423066
326,2.4091976
327,2.0252259
328,1.9328767
329,1.6427389
330,2.8282478
331,5.5562205
332,6.6461415
333,5.704798
334,4.0221534
335,2.7577655
336,11.680686
337,12.243428
338,11.745133
339,12.333379
340,13.377821
341,10.791007
342,8.623942
343,8.463325
344,9.09663
345,6.785006
346,11.168487
347,10.220139
348,10.006767
349,7.301076
350,5.5520453
351,6.2121143
352,6.160565
353,8.816783
354,8.912553
355,7.2481256
356,6.1043124
357,23.98039
358,21.97762
359,23.766855
360,16.186546
361,15.150039
362,9.030078
363,9.57399
364,8.981826
365,9.588918
366,7.1722946
367,5.7010016
368,17.828268
369,20.614803
370,21.13272
371,21.211535
372,19.010893
373,11.077662
374,11.9017935
375,10.704757
376,8.109827
377,11.414008
378,6.5229745
379,6.1169524
380,4.040588
381,2.986348
382,2.2509093
383,2.2369862
384,2.007189
385,18.083551
386,14.705187
387,13.818819
388,15.063937
389,12.219498
390,9.276215
391,8.053427
392,6.050916
393,5.9619174
394,11.813408
395,9.273728
396,8.08482
397,7.472536
398,5.554232
399,10.710102
400,8.724422
401,12.466413
402,10.2409525
403,4.560668
404,11.384192
405,4.5259075
406,3.2830212
407,2.8994243
408,2.6274548
409,2.3983839
410,16.938986
411,13.211682
412,10.44441
413,7.5900087
414,8.019746
415,16.998085
416,19.010748
417,16.659353
418,15.827871
419,15.431767
420,14.827626
421,10.95518
422,10.955003
423,9.72831
424,9.61986
425,8.765527
426,6.905358
427,6.3397202
428,2.9073863
429,9.072773
430,8.952608
431,7.668772
432,7.8167434
433,9.03459
434,10.330422
435,12.211736
436,12.093993
437,9.603027
438,7.3041883
439,4.9594173
440,15.610694
441,17.497965
442,18.771532
443,19.51596
444,19.859613
445,18.286383
446,18.455765
447,14.907126
448,10.906316
449,6.119934
450,2.8679278
451,8.18298
452,12.388488
453,8.536752
454,10.707173
455,8.9020605
456,3.5765903
457,2.7989404
458,2.3409455
459,15.951753
460,16.871328
461,19.731691
462,18.665657
463,16.002121
464,14.932391
465,14.054862
466,8.829936
467,7.9909167
468,3.1081064
469,3.2124953
470,7.9277735
471,4.469837
472,6.6406755
473,4.196001
474,7.087468
475,5.311774
476,4.2600436
477,5.008013
478,4.9529076
479,3.826809
480,4.519707
481,5.4893117
482,17.48986
483,22.895788
484,20.572653
485,17.848906
486,19.232965
487,18.702072
488,16.55423
489,12.567218
490,18.501959
491,19.211573
492,17.391954
493,6.7943697
494,8.249361
495,2.647629
496,2.6334207
497,3.9426112
498,4.557784
499,2.6507537
500,3.2397325
501,22.741453
502,9.419672
503,8.512429
504,7.6462073
505,8.482601
506,6.5073442
507,6.241204
508,4.756038
509,4.7496705
510,4.6659007
511,11.841886
512,14.460563
513,13.050104
514,6.4152617
515,7.1427054
516,5.3839297
517,8.221115
518,9.612941
519,9.860932
520,8.6005945
521,6.158756
522,5.0490384
523,22.094519
524,19.590425
525,19.186337
526,11.238875
527,7.656256
528,16.606668
529,13.08294
530,6.2589498
531,5.337252
532,3.900647
533,4.7545075
534,4.2285924
535,6.91592
536,7.166589
537,7.1301866
538,6.145718
539,5.418897
540,3.802695
541,8.582322
542,9.429399
543,10.080302
544,7.1364894
545,7.31111
546,6.570661
547,5.2826514
548,4.5343204
549,6.5579686
550,6.264377
551,4.942269
552,3.9442058
553,2.961406
554,2.360251
555,2.8273046
556,7.8147902
557,8.960996
558,11.671571
559,13.321813
560,12.173549
561,15.830373
562,14.333304
563,10.165952
564,8.7022505
565,7.258804
566,2.644788
567,2.3103218
568,3.457364
569,3.154834
570,5.8942523
571,7.067717
572,4.588481
573,3.4998062
574,4.709121
575,5.5620303
576,4.959683
577,3.7722876
578,2.5009985
579,12.179464
580,13.566079
581,9.962583
582,9.617364
583,8.318547
584,7.4329524
585,5.0049906
586,4.724099
587,6.3951783
588,5.447964
589,5.3795214
590,4.7953086
591,2.9453237
592,13.933869
593,7.536736
594,5.943017
595,8.424899
596,16.98889
597,23.067823
598,27.183165
599,24.92449
600,22.172884
601,18.704082
602,14.634862
603,12.179886
604,13.159249
605,10.291806
606,11.382812
607,8.458816
608,9.418692
609,8.073679
610,7.476645
611,4.7290897
612,11.725429
613,9.192928
614,5.005364
615,3.8623235
616,2.361982
617,2.607446
618,5.992995
619,4.8744893
620,3.4825487
621,2.768535
622,6.2129416
623,10.828125
624,10.059012
625,11.784503
626,12.182268
627,6.516292
628,6.650745
629,4.2059736
630,5.2139773
631,3.3392348
632,14.025023
633,12.528081
634,11.421601
635,6.9167533
636,7.5479846
637,7.0237813
638,5.75153
639,4.977032
640,6.053925
641,6.0181375
642,12.246469
643,12.677758
644,11.842547
645,11.841062
646,10.159877
647,11.277146
648,7.9469953
649,9.186372
650,6.705605
651,4.3617687
652,11.450749
653,17.727716
654,19.165155
655,20.036749
656,18.141075
657,16.408575
658,15.541371
659,13.289816
660,9.886252
661,8.830815
662,15.879357
663,19.66949
664,20.7205
665,17.82374
666,13.417271
667,15.92924
668,15.38715
669,8.791358
670,6.0767026
671,6.0845714
672,6.1072288
673,4.074979
674,3.2654502
675,15.238821
676,15.358619
677,13.515842
678,14.910485
679,14.378151
680,15.370815
681,15.859018
682,10.983231
683,9.407358
684,7.9757705
685,19.904474
686,17.527906
687,15.166217
688,14.717743
689,14.698882
690,10.391482
691,11.941662
692,12.910737
693,13.545766
694,13.455583
695,11.192864
696,8.680533
697,6.0783334
698,8.189533
699,5.296413
700,9.722458
701,11.399206
702,7.6894584
703,24.673325
704,27.094835
705,23.3541
706,23.733713
707,24.409725
708,19.772238
709,11.820533
710,9.55017
711,11.80576
712,6.038912
713,7.052288
714,6.6789603
715,7.690739
716,7.7407994
717,7.5577464
718,8.218418
719,10.397296
720,7.401834
721,6.9690385
722,2.7635176
723,11.351567
724,9.391228
725,8.859854
726,5.5777836
727,10.659627
728,8.50276
729,4.5919785
730,4.85266
731,5.728143
732,6.172834
733,5.753357
734,3.958119
735,4.2027826
736,2.9532573
737,2.6031249
738,2.6666086
739,8.7554
740,10.144557
741,14.442943
742,14.065877
743,13.110139
744,6.875452
745,3.4483254
746,2.491709
747,4.2757096
748,3.696341
749,3.6504414
750,12.512338
751,15.282832
752,12.526973
753,11.111
754,7.5812125
755,6.3256207
756,4.0421853
757,4.6278915
758,12.871145
759,16.388079
760,13.331757
761,12.181762
762,12.828394
763,7.8309045
764,7.7091947
765,8.128818
766,9.622926
767,7.8917384
768,6.4831815
769,6.373693
770,4.930342
771,6.123385
772,3.434873
773,4.6088376
774,3.7903206
775,2.754616
776,7.757584
777,6.2558265
778,4.4088006
779,2.9531152
780,2.398425
781,2.1938803
782,13.722657
783,17.925776
784,17.577433
785,14.848614
786,15.0154295
787,5.969287
788,8.291658
789,7.0916114
790,4.702703
791,7.0815997
792,2.456232
793,2.8671808
794,25.685432
795,26.312656
796,24.31502
797,27.20976
798,25.511862
799,23.88067
800,20.436092
801,18.932005
802,15.960702
803,16.900229
804,15.152857
805,14.135156
806,8.530483
807,3.3497918
808,8.4332485
809,5.303332
810,6.767534
811,13.948916
812,10.959893
813,13.683855
814,13.11756
815,2.739211
816,2.8320677
817,15.229957
818,18.874634
819,17.39543
820,9.449038
821,7.4111457
822,19.617842
823,21.00464
824,22.691816
825,21.851213
826,19.952677
827,14.094136
828,16.758371
829,10.786025
830,7.736951
831,5.097035
832,13.518915
833,14.233097
834,16.795488
835,16.158094
836,15.90052
837,18.03425
838,18.55586
839,18.464453
840,16.439264
841,15.554269
842,10.463498
843,11.299451
844,7.0269923
845,8.130967
846,7.586807
847,6.103166
848,4.225026
849,6.301677
850,7.8140655
851,8.005106
852,8.143579
853,5.2682805
854,4.784764
855,3.3606875
856,7.0528054
857,6.1694207
858,17.463707
859,16.536333
860,18.967556
861,16.488138
862,16.971357
863,14.053739
864,17.403692
865,17.40069
866,19.713907
867,21.044268
868,20.678751
869,7.452264
870,7.806049
871,4.575353
872,4.366125
873,7.171
874,6.528501
875,5.899651
876,6.2800517
877,4.9061813
878,3.5380964
879,2.675664
880,6.715057
881,5.812364
882,7.616509
883,8.033261
884,8.1107235
885,19.135866
886,20.199427
887,18.37518
888,19.320887
889,21.618446
890,18.710436
891,5.7940736
892,5.301237
893,5.8810353
894,6.2357335
895,5.8863797
896,7.070927
897,6.9876485
898,5.542442
899,4.1663375
900,2.958793
901,2.1623898
902,2.535782
903,1.8681941
904,4.99099
905,10.337252
906,13.907891
907,17.29209
908,18.392597
909,16.611403
910,17.170263
911,14.984675
912,12.647981
913,7.317581
914,4.206572
915,8.748748
916,7.5652013
917,6.200455
918,4.7656083
919,14.829976
920,13.405795
921,15.534528
922,17.37882
923,17.858696
924,16.622744
925,14.711197
926,12.33977
927,11.94806
928,9.753022
929,9.067897
930,8.157282
931,5.3386865
932,5.2527733
933,6.1598516
934,3.4259944
935,3.232622
936,10.899276
937,10.148206
938,7.2316294
939,17.662033
940,17.39937
941,11.773168
942,11.677617
943,9.317366
944,7.805869
945,5.6571746
946,5.355192
947,4.515096
948,5.0015826
949,8.626742
950,6.79948
951,5.0847845
952,2.7793424
953,2.36368
954,1.9518948
955,8.668412
956,11.635304
957,11.051747
958,9.630185
959,8.866353
960,6.937922
961,5.258629
962,7.05061
963,6.618841
964,6.3033447
965,6.022779
966,4.2826867
967,4.9363036
968,3.9979107
969,4.3025374
970,5.012915
971,4.312284
972,6.742836
973,6.727839
974,6.713762
975,7.2350974
976,6.550021
977,7.128776
978,5.357946
979,13.9458475
980,18.044205
981,4.643047
982,10.58041
983,11.011842
984,8.995352
985,7.6253104
986,5.790526
987,11.119937
988,12.894212
989,12.1508665
990,12.200381
991,11.013489
992,8.958991
993,8.101073
994,4.5369477
995,4.951983
996,8.286564
997,9.823094
998,9.290056
999,10.784252
1000,9.352271
1001,3.255071
1002,5.770222
1003,6.82492
1004,8.7155905
1005,9.178877
1006,5.966801
1007,7.741118
1008,6.0687385
1009,5.746011
1010,6.9243417
1011,3.7259636
1012,6.0989375
1013,6.9199986
1014,7.9373507
1015,8.086001
1016,8.484904
1017,5.952006
1018,6.002485
1019,3.4094665
1020,2.5855842
1021,2.0633252
1022,4.163473
1023,12.06821
1024,12.183092
1025,8.28085
1026,18.014267
1027,16.837234
1028,12.691705
1029,9.733678
1030,7.295814
1031,6.2747874
1032,8.216747
1033,6.796478
1034,5.2201314
1035,3.4192986
1036,8.130521
1037,9.865766
1038,5.9306016
1039,10.332571
1040,7.4234576
1041,5.9007926
1042,8.215319
1043,10.946024
1044,13.54016
1045,12.59274
1046,11.043965
1047,9.412985
1048,5.907164
1049,22.397366
1050,20.94574
1051,21.2823
1052,18.925953
1053,21.980995
1054,24.57773
1055,22.602938
1056,20.777452
1057,16.356178
1058,16.951847
1059,15.980214
1060,9.057956
1061,11.142103
1062,4.0958467
1063,8.44887
1064,9.654638
1065,7.834408
1066,10.10612
1067,8.941913
1068,8.991389
1069,5.7527337
1070,5.110186
1071,4.3697815
1072,3.8162625
1073,2.51856
1074,15.319488
1075,16.795662
1076,16.766012
1077,17.618155
1078,17.121748
1079,10.746693
1080,9.479568
1081,4.7016644
1082,4.626647
1083,4.7304783
1084,7.467645
1085,7.8170705
1086,6.792977
1087,8.992459
1088,8.0854435
1089,8.714085
1090,7.0774884
1091,6.649091
1092,3.0049527
1093,2.43737
1094,11.616589
1095,15.152951
1096,14.633557
1097,12.450202
1098,9.678158
1099,10.821676
1100,6.4687896
1101,7.086423
1102,3.5834801
1103,4.637642
1104,4.5881205
1105,4.478069
1106,4.996159
1107,3.596477
1108,3.4160893
1109,2.7961843
1110,2.3840811
1111,2.268606
1112,10.4310255
1113,14.787618
1114,12.552274
1115,12.64133
1116,11.870406
1117,14.240527
1118,11.596202
1119,12.979204
1120,10.574534
1121,9.065995
1122,6.540825
1123,7.8351007
1124,8.805719
1125,14.540137
1126,11.817773
1127,5.2767606
1128,3.965101
1129,2.6335578
1130,13.837602
1131,16.36203
1132,18.589323
1133,18.987446
1134,17.560064
1135,16.50512
1136,11.344161
1137,13.106622
1138,10.328577
1139,8.392697
1140,4.9008455
1141,2.8407443
1142,12.312238
1143,9.831685
1144,11.145469
1145,8.918052
1146,6.4034486
1147,11.04174
1148,16.372559
1149,14.227744
1150,12.309182
1151,6.9885793
1152,6.4124794
1153,3.5252922
1154,3.8438735
1155,2.8217263
1156,26.093237
1157,26.877077
1158,27.74295
1159,27.984734
1160,26.512709
1161,24.453117
1162,22.983393
1163,25.821999
1164,23.523333
1165,21.87271
1166,18.675882
1167,2.5784776
1168,4.707255
1169,5.5905604
1170,7.877229
1171,6.220671
1172,7.985206
1173,6.2495203
1174,4.7751803
1175,3.4452667
1176,2.7917101
1177,3.5931857
1178,2.3138986
1179,2.116779
1180,1.6995224
1181,4.777951
1182,21.703753
1183,23.33109
1184,23.631868
1185,21.899832
1186,25.671831
1187,23.214142
1188,27.18344
1189,24.042383
1190,9.331208
1191,18.018066
1192,19.665089
1193,22.562384
1194,21.589487
1195,20.84079
1196,15.711136
1197,10.2774
1198,8.026886
1199,3.215851
1200,3.4935706
1201,3.46157
1202,3.2518866
1203,5.1094604
1204,7.94418
1205,4.5306406
1206,4.396341
1207,2.9429758
1208,2.9502761
1209,2.2637525
1210,6.9387364
1211,6.6221075
1212,3.949194
1213,7.6895814
1214,5.8648987
1215,4.841148
1216,3.9463694
1217,21.550055
1218,19.615335
1219,18.08309
1220,17.174786
1221,16.736273
1222,17.017752
1223,12.6607275
1224,9.97088
1225,7.6353755
1226,7.421378
1227,9.014901
1228,7.9488454
1229,5.389294
1230,9.460118
1231,4.0069942
1232,4.0928864
1233,4.424282
1234,10.740426
1235,8.755683
1236,6.544061
1237,9.790803
1238,4.450182
1239,4.35592
1240,3.9786592
1241,8.385746
1242,11.17962
1243,14.076116
1244,12.05174
1245,7.2169375
1246,6.1766744
1247,5.9036736
1248,5.1574864
1249,6.493368
1250,7.516954
1251,8.068964
1252,6.0151877
1253,23.30697
1254,21.744913
1255,18.626625
1256,14.703523
1257,11.873912
1258,8.2154455
1259,6.2206955
1260,23.541992
1261,19.596622
1262,7.601625
1263,8.27905
1264,11.064256
1265,8.745965
1266,8.9449215
1267,12.31699
1268,12.171883
1269,8.149598
1270,5.16196
1271,5.9072328
1272,4.7525973
1273,4.778917
1274,4.8930926
1275,5.01786
1276,4.9354134
1277,2.6129243
1278,7.794829
1279,12.631867
1280,11.660235
1281,14.04876
1282,15.560541
1283,15.288024
1284,16.663042
1285,18.343845
1286,15.2160425
1287,15.61144
1288,13.788148
1289,15.0469055
1290,12.386967
1291,10.621251
1292,13.128074
1293,10.3778105
1294,10.229461
1295,17.710066
1296,13.521177
1297,16.278019
1298,18.133232
1299,20.246206
1300,18.838968
1301,17.471092
1302,14.918096
1303,7.725483
1304,7.9523406
1305,7.7579427
1306,5.2433105
1307,4.94678
1308,2.9418552
1309,2.6307828
1310,2.577998
1311,25.151869
1312,27.295752
1313,26.90184
1314,27.567347
1315,25.121096
1316,24.49183
1317,22.977331
1318,23.562532
1319,25.02765
1320,23.00939
1321,14.572446
1322,12.105465
1323,4.411778
1324,4.408919
1325,3.1988194
1326,17.547007
1327,15.340627
1328,14.207999
1329,12.82723
1330,11.307481
1331,9.865897
1332,10.848441
1333,5.7629347
1334,7.104503
1335,3.4955685
1336,8.946558
1337,7.05583
1338,6.6789865
1339,3.148658
1340,2.8035371
1341,3.1958377
1342,2.7921443
1343,5.7806573
1344,4.858438
1345,4.6742864
1346,5.9940515
1347,7.678148
1348,5.8981833
1349,4.9372077
1350,4.2168736
1351,2.3804862
1352,2.7366788
1353,1.9379478
1354,5.1423697
1355,6.073543
1356,8.5100975
1357,9.977761
1358,11.018094
1359,7.811737
1360,2.675658
1361,4.934827
1362,3.802532
1363,3.377917
1364,2.6189287
1365,15.598804
1366,16.821264
1367,15.254001
1368,16.16088
1369,16.007915
1370,12.075387
1371,11.270568
1372,8.933909
1373,8.319667
1374,5.9898047
1375,5.8247614
1376,5.202988
1377,3.7552705
1378,2.857208
1379,17.843384
1380,18.93228
1381,18.395954
1382,19.109295
1383,18.88123
1384,17.430542
1385,13.765947
1386,10.955508
1387,10.67686
1388,9.769334
1389,8.835868
1390,8.815546
1391,6.858273
1392,3.3629367
1393,3.8551347
1394,17.35115
1395,9.494539
1396,8.059154
1397,6.1986756
1398,5.523065
1399,6.709914
1400,7.5055428
1401,5.655703
1402,2.764588
1403,18.319061
1404,13.310143
1405,6.209149
1406,16.419582
1407,17.566183
1408,20.3739
1409,21.304075
1410,18.673925
1411,16.920074
1412,16.874851
1413,11.48183
1414,13.862237
1415,16.113132
1416,17.272785
1417,14.213167
1418,9.214697
1419,8.062071
1420,6.083089
1421,7.8690386
1422,7.4015784
1423,2.7848713
1424,2.2719736
1425,1.8822869
1426,1.7064357
1427,2.6919758
1428,7.58157
1429,11.127791
1430,14.172263
1431,10.490944
1432,10.171805
1433,8.769628
1434,9.840964
1435,9.077793
1436,5.698281
1437,5.167423
1438,2.5525734
1439,10.136106
1440,13.451087
1441,11.262349
1442,10.398663
1443,8.734601
1444,9.432149
1445,8.676141
1446,6.7633057
1447,4.1430426
1448,4.595694
1449,4.739511
1450,4.759814
1451,6.5559196
1452,9.151319
1453,9.682747
1454,6.392878
1455,7.3174305
1456,5.9594007
1457,6.1069913
1458,6.979226
1459,5.196916
1460,14.487653
1461,17.10013
1462,13.145815
1463,8.393769
1464,5.9579453
1465,6.4388337
1466,5.69587
1467,6.3766365
1468,4.1743817
1469,3.4525352
1470,2.9800136
1471,2.4611783
1472,11.304791
1473,13.144378
1474,14.433355
1475,14.056565
1476,14.584653
1477,13.671273
1478,10.398625
1479,13.379804
1480,13.082181
1481,14.910468
1482,18.008005
1483,4.316409
1484,15.223586
1485,14.818167
1486,11.625473
1487,10.482381
1488,9.605342
1489,7.520869
1490,7.831619
1491,6.5034404
1492,8.4850855
1493,8.434422
1494,7.3374515
1495,10.315275
1496,14.108605
1497,14.241059
1498,13.004462
1499,6.8940415
1500,5.3177094
1501,3.102414
1502,11.830833
1503,16.32765
1504,16.55324
1505,17.310408
1506,15.540095
1507,13.306092
1508,11.619862
1509,10.884876
1510,8.072597
1511,10.356732
1512,7.8201923
1513,6.2100596
1514,3.1049662
1515,6.396649
1516,4.4117956
1517,5.3403993
1518,15.495779
1519,13.970464
1520,12.317893
1521,11.074669
1522,9.091407
1523,19.39461
1524,19.488707
1525,19.523481
1526,14.713782
1527,13.465301
1528,7.04016
1529,6.3610835
1530,7.7631764
1531,11.983361
1532,14.757667
1533,14.524512
1534,11.546733
1535,10.792722
1536,4.789343
1537,8.882132
1538,5.037646
1539,3.4359581
1540,2.6931312
1541,13.345366
1542,9.920768
1543,6.684704
1544,5.860346
1545,3.3601768
1546,7.548099
1547,5.8944736
1548,6.6205354
1549,6.256641
1550,4.014928
1551,4.784478
1552,3.3826756
1553,2.4464056
1554,4.0234327
1555,4.0120955
1556,2.9434187
1557,2.4803727
1558,2.4379437
1559,4.2388263
1560,6.1633353
1561,5.2002063
1562,7.0428443
1563,3.9798923
1564,5.1474586
1565,7.2070355
1566,4.8511143
1567,5.0293136
1568,5.1528783
1569,4.4332976
1570,4.70014
1571,12.966071
1572,12.042029
1573,8.551334
1574,10.28149
1575,7.14963
1576,15.47172
1577,13.587542
1578,14.769788
1579,10.356992
1580,8.449162
1581,8.370524
1582,6.6300387
1583,6.6588035
1584,15.671294
1585,13.148072
1586,10.943345
1587,10.543498
1588,11.082207
1589,10.224574
1590,8.060329
1591,7.9468727
1592,3.367995
1593,20.216108
1594,15.16706
1595,14.681363
1596,11.534513
1597,11.181029
1598,10.989774
1599,14.565757
1600,14.558829
1601,15.36291
1602,14.1104
1603,8.326946
1604,7.4223933
1605,9.909259
1606,7.727686
1607,4.7722993
1608,4.7265263
1609,2.5747907
1610,1.9279474
1611,1.5832802
1612,5.215344
1613,7.8288164
1614,7.788672
1615,7.2773004
1616,7.686052
1617,6.39955
1618,4.104938
1619,4.984599
1620,5.7603917
1621,7.3067923
1622,5.3956985
1623,4.017839
1624,9.740484
1625,7.3238997
1626,4.3513374
1627,4.948299
1628,6.024096
1629,7.037536
1630,5.277157
1631,6.8088055
1632,5.498711
1633,4.920771
1634,2.7526286
1635,2.791468
1636,2.6298833
1637,2.1666937
1638,3.555967
1639,8.089309
1640,5.700848
1641,6.2688365
1642,9.20339
1643,18.462137
1644,18.860348
1645,17.85573
1646,15.767144
1647,11.458821
1648,12.683865
1649,4.5590043
1650,3.6385086
1651,11.117019
1652,11.382421
1653,9.307367
1654,5.335735
1655,2.8612154
1656,2.422342
1657,7.22269
1658,6.877951
1659,4.569967
1660,5.5848145
1661,5.9722257
1662,7.1475
1663,4.716192
1664,2.9152384
1665,2.4641252
1666,2.8060052
1667,2.2015357
1668,2.051015
1669,12.710683
1670,13.561067
1671,10.770732
1672,3.373875
1673,3.7277062
1674,3.9322982
1675,2.9302928
1676,7.541594
1677,7.3380885
1678,3.6418622
1679,3.6861386
1680,3.6734974
1681,2.680498
1682,4.0954943
1683,3.9344542
1684,16.073227
1685,14.27797
1686,15.827559
1687,14.2371435
1688,14.82319
1689,15.20552
1690,11.390767
1691,6.0402875
1692,17.636683
1693,21.555231
1694,20.187597
1695,19.506908
1696,15.525538
1697,9.816765
1698,10.257997
1699,18.548462
1700,11.931518
1701,9.6517725
1702,6.0910115
1703,4.5595727
1704,3.5789826
1705,2.763793
1706,3.4598854
1707,14.924949
1708,15.339336
1709,17.445486
1710,21.92929
1711,19.14572
1712,17.83595
1713,18.193077
1714,15.597597
1715,10.510489
1716,7.4657373
1717,5.5298553
1718,7.8597035
1719,3.079777
1720,2.7058914
1721,17.02806
1722,18.803993
1723,18.826607
1724,18.354176
1725,18.676802
1726,18.69859
1727,18.791037
1728,17.21387
1729,12.868361
1730,6.646116
1731,7.326286
1732,6.673139
1733,6.1152525
1734,7.2207294
1735,7.808373
1736,8.273805
1737,7.394446
1738,5.7869077
1739,5.386495
1740,7.490974
1741,7.532087
1742,8.536746
1743,5.379305
1744,7.2190895
1745,14.28671
1746,10.259576
1747,9.206178
1748,5.6453147
1749,5.4378376
1750,9.052857
1751,8.260405
1752,7.6924767
1753,7.999602
1754,7.11394
1755,10.371244
1756,10.341468
1757,10.167699
1758,8.579718
1759,8.055733
1760,5.089441
1761,2.6550882
1762,1.8696512
1763,7.9174695
1764,15.412274
1765,17.761452
1766,20.807318
1767,23.075333
1768,21.16413
1769,18.496687
1770,15.384833
1771,18.643
1772,23.583582
1773,18.709164
1774,12.282086
1775,8.010312
1776,6.7897277
1777,4.93973
1778,5.996194
1779,5.071035
1780,4.3092017
1781,4.3019767
1782,2.7548919
1783,4.7464232
1784,8.980034
1785,14.716498
1786,13.375966
1787,10.324727
1788,14.266497
1789,11.446336
1790,7.2441916
1791,9.013972
1792,5.678901
1793,4.637889
1794,14.441419
1795,13.727674
1796,13.229369
1797,14.132318
1798,16.096045
1799,13.996018
1800,13.062472
1801,9.374779
1802,9.333122
1803,20.860281
1804,17.807634
1805,13.711157
1806,13.208212
1807,11.011054
1808,10.7029915
1809,9.31201
1810,9.172999
1811,9.961936
1812,7.7213197
1813,9.041429
1814,6.884431
1815,4.5139728
1816,5.4435215
1817,5.3981996
1818,4.363802
